Partner_No,Partner_Yes,Dependents_No,Dependents_Yes,MultipleLines_No,MultipleLines_No phone service,MultipleLines_Yes,InternetService_DSL,InternetService_Fiber optic,InternetService_No,OnlineSecurity_No,OnlineSecurity_No internet service,OnlineSecurity_Yes,OnlineBackup_No,OnlineBackup_No internet service,OnlineBackup_Yes,DeviceProtection_No,DeviceProtection_No internet service,DeviceProtection_Yes,TechSupport_No,TechSupport_No internet service,TechSupport_Yes,StreamingTV_No,StreamingTV_No internet service,StreamingTV_Yes,StreamingMovies_No,StreamingMovies_No internet service,StreamingMovies_Yes,PaperlessBilling_No,PaperlessBilling_Yes,PaymentMethod_Bank transfer (automatic),PaymentMethod_Credit card (automatic),PaymentMethod_Electronic check,PaymentMethod_Mailed check,tenure,MonthlyCharges,SeniorCitizen,churn
1,0,1,0,1,0,0,0,1,0,1,0,0,0,0,1,1,0,0,1,0,0,1,0,0,1,0,0,1,0,0,0,1,0,0.152777778,0.564179104,0,1
1,0,1,0,1,0,0,0,1,0,1,0,0,1,0,0,1,0,0,1,0,0,1,0,0,1,0,0,0,1,0,0,1,0,0.013888889,0.511442786,0,0
0,1,1,0,0,0,1,0,1,0,1,0,0,0,0,1,1,0,0,0,0,1,0,0,1,1,0,0,0,1,0,0,1,0,0.847222222,0.754726368,0,0
1,0,1,0,1,0,0,0,1,0,0,0,1,0,0,1,1,0,0,1,0,0,1,0,0,1,0,0,0,1,1,0,0,0,0.347222222,0.612935323,0,1
1,0,1,0,1,0,0,0,1,0,1,0,0,0,0,1,1,0,0,1,0,0,1,0,0,1,0,0,0,1,0,0,1,0,0.027777778,0.561691542,1,1
0,1,1,0,0,0,1,0,1,0,1,0,0,0,0,1,1,0,0,1,0,0,1,0,0,1,0,0,0,1,1,0,0,0,0.458333333,0.62039801,1,1
0,1,1,0,0,0,1,0,1,0,1,0,0,0,0,1,1,0,0,1,0,0,1,0,0,1,0,0,0,1,0,0,1,0,0.069444444,0.627363184,0,1
1,0,0,1,0,0,1,0,1,0,1,0,0,1,0,0,1,0,0,1,0,0,0,0,1,1,0,0,0,1,0,1,0,0,0.430555556,0.67960199,0,1
0,1,0,1,1,0,0,1,0,0,1,0,0,1,0,0,1,0,0,0,0,1,1,0,0,0,0,1,1,0,0,1,0,0,0.055555556,0.429850746,0,1
1,0,1,0,0,0,1,0,1,0,1,0,0,1,0,0,1,0,0,1,0,0,0,0,1,0,0,1,0,1,0,0,1,0,0.125,0.768656716,0,0
1,0,1,0,1,0,0,0,1,0,0,0,1,1,0,0,1,0,0,1,0,0,1,0,0,1,0,0,0,1,0,1,0,0,0.125,0.55721393,0,1
0,1,0,1,1,0,0,0,1,0,1,0,0,1,0,0,1,0,0,1,0,0,1,0,0,1,0,0,0,1,0,0,1,0,0.013888889,0.524875622,0,1
0,1,0,1,0,0,1,0,1,0,1,0,0,0,0,1,0,0,1,1,0,0,0,0,1,0,0,1,1,0,0,0,1,0,0.361111111,0.870646766,1,1
1,0,1,0,0,0,1,0,1,0,1,0,0,1,0,0,1,0,0,1,0,0,1,0,0,1,0,0,0,1,0,0,1,0,0.041666667,0.584577114,1,0
1,0,1,0,0,0,1,0,1,0,1,0,0,1,0,0,1,0,0,1,0,0,1,0,0,1,0,0,1,0,0,0,1,0,0.208333333,0.571144279,1,1
0,1,1,0,0,0,1,0,1,0,1,0,0,1,0,0,1,0,0,1,0,0,0,0,1,0,0,1,0,1,0,0,1,0,0.402777778,0.758208955,1,1
1,0,1,0,0,0,1,0,1,0,1,0,0,1,0,0,1,0,0,1,0,0,1,0,0,1,0,0,0,1,1,0,0,0,0.361111111,0.564179104,0,1
1,0,1,0,0,0,1,0,1,0,0,0,1,0,0,1,1,0,0,0,0,1,0,0,1,0,0,1,0,1,0,0,1,0,0.694444444,0.909452736,0,1
1,0,1,0,1,0,0,1,0,0,0,0,1,1,0,0,0,0,1,1,0,0,1,0,0,0,0,1,1,0,0,1,0,0,0.625,0.442288557,1,0
1,0,1,0,1,0,0,0,1,0,1,0,0,1,0,0,0,0,1,1,0,0,1,0,0,1,0,0,1,0,0,0,1,0,0.013888889,0.567661692,0,0
1,0,1,0,0,0,1,0,1,0,1,0,0,1,0,0,1,0,0,1,0,0,1,0,0,0,0,1,0,1,0,0,1,0,0.097222222,0.682089552,0,1
0,1,0,1,1,0,0,0,1,0,1,0,0,1,0,0,1,0,0,1,0,0,1,0,0,1,0,0,0,1,0,0,1,0,0.013888889,0.524875622,0,1
0,1,0,1,0,0,1,0,1,0,1,0,0,0,0,1,1,0,0,1,0,0,0,0,1,0,0,1,1,0,1,0,0,0,0.972222222,0.796517413,0,1
1,0,1,0,1,0,0,1,0,0,1,0,0,1,0,0,1,0,0,1,0,0,1,0,0,1,0,0,1,0,1,0,0,0,0.027777778,0.276616915,0,0
1,0,1,0,1,0,0,1,0,0,1,0,0,1,0,0,1,0,0,1,0,0,1,0,0,1,0,0,0,1,0,0,1,0,0.027777778,0.26318408,1,1
1,0,1,0,1,0,0,1,0,0,0,0,1,1,0,0,1,0,0,0,0,1,1,0,0,1,0,0,0,1,0,0,1,0,0.013888889,0.355223881,0,1
1,0,1,0,0,0,1,0,1,0,1,0,0,0,0,1,1,0,0,1,0,0,1,0,0,1,0,0,0,1,0,0,1,0,0.597222222,0.593034826,0,0
1,0,1,0,1,0,0,0,1,0,1,0,0,1,0,0,1,0,0,1,0,0,1,0,0,1,0,0,1,0,0,0,0,1,0.013888889,0.523880597,0,0
1,0,1,0,1,0,0,0,1,0,1,0,0,0,0,1,1,0,0,1,0,0,1,0,0,1,0,0,0,1,0,0,1,0,0.138888889,0.543283582,1,1
1,0,1,0,1,0,0,0,1,0,1,0,0,1,0,0,0,0,1,1,0,0,1,0,0,1,0,0,1,0,0,0,1,0,0.194444444,0.568159204,0,0
1,0,1,0,0,0,1,0,1,0,1,0,0,0,0,1,1,0,0,0,0,1,0,0,1,1,0,0,0,1,0,0,1,0,0.652777778,0.764179104,1,0
0,1,1,0,0,0,1,0,1,0,1,0,0,0,0,1,1,0,0,1,0,0,0,0,1,0,0,1,1,0,0,1,0,0,0.777777778,0.81641791,0,1
1,0,1,0,0,0,1,1,0,0,1,0,0,1,0,0,1,0,0,0,0,1,1,0,0,1,0,0,1,0,0,1,0,0,0.208333333,0.365671642,1,1
1,0,1,0,0,0,1,0,1,0,1,0,0,1,0,0,1,0,0,1,0,0,1,0,0,1,0,0,0,1,0,0,1,0,0.041666667,0.569651741,0,0
1,0,1,0,0,0,1,0,1,0,1,0,0,0,0,1,1,0,0,1,0,0,0,0,1,0,0,1,0,1,0,0,1,0,0.083333333,0.7960199,1,0
0,1,1,0,0,0,1,0,1,0,1,0,0,1,0,0,1,0,0,1,0,0,0,0,1,0,0,1,0,1,0,0,1,0,0.611111111,0.774626866,0,0
1,0,1,0,1,0,0,0,0,1,0,1,0,0,1,0,0,1,0,0,1,0,0,1,0,0,1,0,0,1,0,0,1,0,0.013888889,0.011940299,1,1
1,0,1,0,1,0,0,0,1,0,1,0,0,1,0,0,1,0,0,1,0,0,1,0,0,1,0,0,1,0,0,0,0,1,0.013888889,0.525870647,0,1
1,0,1,0,1,0,0,1,0,0,1,0,0,1,0,0,1,0,0,1,0,0,1,0,0,1,0,0,0,1,0,0,0,1,0.013888889,0.266666667,0,0
0,1,1,0,0,1,0,1,0,0,0,0,1,1,0,0,1,0,0,1,0,0,1,0,0,0,0,1,1,0,1,0,0,0,0.333333333,0.207462687,1,0
1,0,1,0,0,0,1,1,0,0,1,0,0,1,0,0,1,0,0,1,0,0,1,0,0,1,0,0,0,1,0,0,0,1,0.069444444,0.321890547,0,1
1,0,1,0,0,0,1,0,0,1,0,1,0,0,1,0,0,1,0,0,1,0,0,1,0,0,1,0,1,0,0,1,0,0,0.152777778,0.048756219,0,1
1,0,1,0,0,0,1,0,1,0,1,0,0,1,0,0,1,0,0,1,0,0,0,0,1,1,0,0,0,1,0,0,1,0,0.013888889,0.671144279,1,1
0,1,1,0,0,0,1,0,1,0,0,0,1,0,0,1,0,0,1,0,0,1,0,0,1,0,0,1,1,0,0,0,1,0,0.666666667,0.987064677,1,1
0,1,1,0,0,0,1,0,1,0,1,0,0,1,0,0,1,0,0,1,0,0,1,0,0,0,0,1,0,1,0,0,1,0,0.138888889,0.680597015,1,1
0,1,1,0,0,0,1,0,1,0,0,0,1,1,0,0,0,0,1,1,0,0,0,0,1,0,0,1,0,1,0,0,1,0,0.291666667,0.852238806,0,1
1,0,1,0,1,0,0,0,1,0,1,0,0,1,0,0,1,0,0,1,0,0,1,0,0,1,0,0,0,1,0,0,0,1,0.069444444,0.517412935,1,1
1,0,1,0,0,0,1,0,1,0,1,0,0,1,0,0,1,0,0,1,0,0,0,0,1,1,0,0,0,1,0,0,1,0,0.027777778,0.669651741,1,1
0,1,0,1,0,1,0,1,0,0,0,0,1,1,0,0,0,0,1,1,0,0,0,0,1,0,0,1,0,1,0,0,1,0,0.291666667,0.375124378,0,0
0,1,1,0,1,0,0,0,1,0,1,0,0,1,0,0,1,0,0,1,0,0,0,0,1,0,0,1,0,1,0,0,0,1,0.277777778,0.7039801,0,0
1,0,1,0,1,0,0,0,1,0,1,0,0,1,0,0,1,0,0,1,0,0,0,0,1,0,0,1,0,1,0,0,1,0,0.013888889,0.726865672,1,1
0,1,0,1,1,0,0,1,0,0,0,0,1,0,0,1,0,0,1,0,0,1,1,0,0,1,0,0,1,0,0,0,0,1,0.125,0.465174129,0,0
1,0,1,0,0,0,1,0,1,0,1,0,0,1,0,0,0,0,1,1,0,0,1,0,0,1,0,0,0,1,0,0,1,0,0.111111111,0.626865672,1,0
1,0,1,0,1,0,0,1,0,0,1,0,0,1,0,0,1,0,0,1,0,0,1,0,0,1,0,0,1,0,0,0,0,1,0.013888889,0.267164179,1,1
1,0,0,1,1,0,0,1,0,0,0,0,1,1,0,0,1,0,0,1,0,0,1,0,0,1,0,0,1,0,0,0,1,0,0.055555556,0.309452736,0,0
0,1,1,0,1,0,0,0,1,0,1,0,0,1,0,0,0,0,1,1,0,0,1,0,0,0,0,1,0,1,0,0,1,0,0.652777778,0.667164179,0,0
1,0,1,0,0,1,0,1,0,0,1,0,0,1,0,0,1,0,0,1,0,0,1,0,0,0,0,1,0,1,1,0,0,0,0.013888889,0.169154229,0,1
1,0,1,0,1,0,0,1,0,0,1,0,0,0,0,1,1,0,0,0,0,1,1,0,0,1,0,0,0,1,0,1,0,0,0.305555556,0.367164179,0,0
1,0,1,0,1,0,0,1,0,0,0,0,1,0,0,1,0,0,1,1,0,0,1,0,0,0,0,1,0,1,1,0,0,0,0.402777778,0.503482587,0,1
1,0,1,0,1,0,0,0,1,0,1,0,0,0,0,1,1,0,0,1,0,0,1,0,0,1,0,0,0,1,0,0,1,0,0.444444444,0.558706468,1,0
1,0,1,0,1,0,0,0,1,0,1,0,0,1,0,0,1,0,0,1,0,0,1,0,0,1,0,0,1,0,0,0,0,1,0.013888889,0.520895522,0,1
1,0,1,0,1,0,0,0,1,0,1,0,0,1,0,0,1,0,0,1,0,0,0,0,1,1,0,0,0,1,1,0,0,0,0.111111111,0.615422886,0,0
1,0,1,0,0,0,1,0,1,0,1,0,0,0,0,1,0,0,1,1,0,0,0,0,1,0,0,1,0,1,1,0,0,0,0.805555556,0.845771144,0,0
0,1,1,0,1,0,0,0,1,0,0,0,1,1,0,0,1,0,0,1,0,0,1,0,0,1,0,0,0,1,0,0,1,0,0.263888889,0.546766169,0,0
1,0,1,0,1,0,0,0,1,0,0,0,1,0,0,1,0,0,1,1,0,0,0,0,1,0,0,1,0,1,0,0,1,0,0.138888889,0.85721393,0,0
0,1,1,0,0,0,1,0,1,0,1,0,0,0,0,1,0,0,1,1,0,0,0,0,1,0,0,1,0,1,0,0,1,0,0.875,0.888059701,0,1
1,0,1,0,1,0,0,0,1,0,1,0,0,1,0,0,1,0,0,0,0,1,0,0,1,0,0,1,0,1,0,0,1,0,0.069444444,0.774626866,0,0
1,0,1,0,1,0,0,0,1,0,1,0,0,1,0,0,0,0,1,1,0,0,0,0,1,1,0,0,0,1,0,0,1,0,0.180555556,0.646268657,0,0
1,0,1,0,1,0,0,0,1,0,1,0,0,1,0,0,0,0,1,1,0,0,0,0,1,0,0,1,1,0,0,0,0,1,0.166666667,0.768656716,0,0
1,0,1,0,0,1,0,1,0,0,1,0,0,1,0,0,1,0,0,1,0,0,1,0,0,1,0,0,1,0,0,0,1,0,0.041666667,0.064676617,0,1
0,1,0,1,0,0,1,1,0,0,1,0,0,1,0,0,1,0,0,1,0,0,1,0,0,1,0,0,0,1,0,0,1,0,0.055555556,0.324875622,0,0
1,0,1,0,0,0,1,0,1,0,1,0,0,1,0,0,1,0,0,1,0,0,1,0,0,1,0,0,0,1,0,0,1,0,0.194444444,0.564179104,1,1
1,0,1,0,1,0,0,1,0,0,0,0,1,0,0,1,1,0,0,1,0,0,1,0,0,1,0,0,0,1,0,0,0,1,0.027777778,0.354228856,0,1
1,0,1,0,0,0,1,0,1,0,1,0,0,1,0,0,1,0,0,1,0,0,1,0,0,1,0,0,0,1,0,0,1,0,0.111111111,0.572139303,1,0
1,0,1,0,0,0,1,0,1,0,0,0,1,0,0,1,0,0,1,0,0,1,0,0,1,0,0,1,1,0,0,1,0,0,0.972222222,0.968159204,0,1
1,0,1,0,1,0,0,0,0,1,0,1,0,0,1,0,0,1,0,0,1,0,0,1,0,0,1,0,0,1,0,0,0,1,0.013888889,0.01641791,0,1
1,0,0,1,1,0,0,0,1,0,1,0,0,1,0,0,1,0,0,1,0,0,0,0,1,0,0,1,0,1,0,0,1,0,0.013888889,0.72238806,0,0
1,0,1,0,0,0,1,0,1,0,1,0,0,0,0,1,0,0,1,0,0,1,0,0,1,0,0,1,1,0,0,1,0,0,0.916666667,0.921890547,1,0
0,1,1,0,0,1,0,1,0,0,1,0,0,1,0,0,1,0,0,1,0,0,1,0,0,1,0,0,0,1,0,0,1,0,0.069444444,0.066666667,0,1
1,0,1,0,0,0,1,0,1,0,1,0,0,0,0,1,1,0,0,1,0,0,0,0,1,1,0,0,0,1,0,0,1,0,0.083333333,0.714925373,0,1
0,1,0,1,1,0,0,1,0,0,1,0,0,0,0,1,1,0,0,1,0,0,0,0,1,0,0,1,0,1,1,0,0,0,0.305555556,0.509950249,0,1
1,0,1,0,0,0,1,0,1,0,0,0,1,0,0,1,1,0,0,1,0,0,0,0,1,0,0,1,0,1,1,0,0,0,0.513888889,0.880597015,1,1
1,0,1,0,1,0,0,1,0,0,1,0,0,1,0,0,0,0,1,0,0,1,0,0,1,0,0,1,1,0,0,0,1,0,0.027777778,0.578606965,0,1
1,0,1,0,1,0,0,0,1,0,1,0,0,1,0,0,1,0,0,1,0,0,0,0,1,1,0,0,0,1,0,0,1,0,0.027777778,0.620895522,0,0
1,0,1,0,0,0,1,0,1,0,0,0,1,1,0,0,1,0,0,1,0,0,1,0,0,1,0,0,0,1,0,0,1,0,0.013888889,0.631343284,0,1
1,0,1,0,0,0,1,0,1,0,1,0,0,1,0,0,0,0,1,0,0,1,0,0,1,0,0,1,0,1,1,0,0,0,0.958333333,0.878109453,0,0
1,0,1,0,0,0,1,0,1,0,1,0,0,1,0,0,1,0,0,1,0,0,1,0,0,1,0,0,0,1,0,0,1,0,0.055555556,0.558208955,0,0
1,0,1,0,0,0,1,0,1,0,1,0,0,1,0,0,1,0,0,1,0,0,0,0,1,0,0,1,0,1,0,0,1,0,0.027777778,0.773631841,0,1
1,0,1,0,1,0,0,1,0,0,0,0,1,0,0,1,0,0,1,1,0,0,1,0,0,0,0,1,0,1,1,0,0,0,0.402777778,0.503482587,0,1
1,0,1,0,1,0,0,0,0,1,0,1,0,0,1,0,0,1,0,0,1,0,0,1,0,0,1,0,1,0,0,0,0,1,0.013888889,0.01641791,0,0
1,0,1,0,1,0,0,1,0,0,1,0,0,1,0,0,1,0,0,1,0,0,1,0,0,1,0,0,0,1,0,0,1,0,0.013888889,0.272636816,0,0
0,1,1,0,0,0,1,0,1,0,0,0,1,1,0,0,1,0,0,1,0,0,1,0,0,1,0,0,0,1,0,0,1,0,0.708333333,0.589552239,1,1
1,0,1,0,0,1,0,1,0,0,1,0,0,1,0,0,1,0,0,1,0,0,1,0,0,0,0,1,0,1,0,0,1,0,0.180555556,0.167661692,0,0
1,0,1,0,0,1,0,1,0,0,1,0,0,1,0,0,1,0,0,0,0,1,1,0,0,1,0,0,0,1,0,0,1,0,0.138888889,0.113432836,1,0
0,1,1,0,0,0,1,0,1,0,0,0,1,0,0,1,1,0,0,1,0,0,1,0,0,0,0,1,0,1,0,1,0,0,0.097222222,0.760696517,1,0
0,1,0,1,1,0,0,0,1,0,1,0,0,0,0,1,1,0,0,1,0,0,1,0,0,1,0,0,0,1,0,0,1,0,0.013888889,0.561691542,0,0
0,1,0,1,1,0,0,0,1,0,1,0,0,1,0,0,1,0,0,1,0,0,0,0,1,0,0,1,1,0,0,0,1,0,0.180555556,0.697512438,0,0
1,0,1,0,0,1,0,1,0,0,0,0,1,0,0,1,1,0,0,1,0,0,1,0,0,1,0,0,0,1,0,0,1,0,0.055555556,0.153233831,0,1
1,0,1,0,1,0,0,1,0,0,1,0,0,1,0,0,1,0,0,1,0,0,1,0,0,1,0,0,0,1,0,0,1,0,0.013888889,0.25721393,0,1
1,0,1,0,1,0,0,0,1,0,1,0,0,1,0,0,1,0,0,1,0,0,0,0,1,0,0,1,0,1,0,0,1,0,0.138888889,0.708955224,0,1
1,0,1,0,1,0,0,1,0,0,1,0,0,0,0,1,1,0,0,0,0,1,1,0,0,1,0,0,0,1,0,1,0,0,0.305555556,0.367164179,0,1
0,1,1,0,0,0,1,0,1,0,1,0,0,0,0,1,1,0,0,1,0,0,0,0,1,0,0,1,0,1,0,0,1,0,0.166666667,0.826865672,1,0
1,0,1,0,1,0,0,1,0,0,1,0,0,0,0,1,1,0,0,1,0,0,1,0,0,1,0,0,1,0,0,0,0,1,0.013888889,0.32238806,0,1
0,1,1,0,1,0,0,0,1,0,1,0,0,1,0,0,1,0,0,1,0,0,1,0,0,1,0,0,0,1,0,0,0,1,0.013888889,0.519402985,1,1
1,0,1,0,1,0,0,1,0,0,1,0,0,1,0,0,1,0,0,1,0,0,1,0,0,1,0,0,1,0,0,0,1,0,0.125,0.267661692,0,1
1,0,1,0,1,0,0,0,1,0,1,0,0,1,0,0,1,0,0,1,0,0,1,0,0,1,0,0,0,1,0,0,1,0,0.013888889,0.517910448,0,0
1,0,1,0,1,0,0,1,0,0,1,0,0,1,0,0,0,0,1,1,0,0,1,0,0,1,0,0,0,1,0,0,0,1,0.013888889,0.32039801,0,0
0,1,1,0,0,0,1,0,1,0,1,0,0,0,0,1,0,0,1,1,0,0,0,0,1,1,0,0,0,1,0,0,1,0,0.694444444,0.764179104,1,0
1,0,1,0,1,0,0,0,1,0,1,0,0,1,0,0,0,0,1,1,0,0,1,0,0,1,0,0,0,1,0,0,1,0,0.055555556,0.553731343,0,1
1,0,1,0,0,0,1,0,1,0,1,0,0,1,0,0,1,0,0,1,0,0,0,0,1,1,0,0,0,1,0,0,1,0,0.027777778,0.670646766,0,1
1,0,1,0,0,0,1,0,1,0,1,0,0,1,0,0,1,0,0,1,0,0,1,0,0,1,0,0,0,1,0,0,1,0,0.041666667,0.55721393,0,0
1,0,1,0,1,0,0,1,0,0,1,0,0,1,0,0,0,0,1,0,0,1,1,0,0,1,0,0,1,0,0,1,0,0,0.638888889,0.35920398,0,1
1,0,0,1,0,0,1,0,1,0,1,0,0,0,0,1,1,0,0,1,0,0,0,0,1,0,0,1,0,1,0,0,1,0,0.055555556,0.830348259,0,0
0,1,1,0,0,0,1,0,1,0,1,0,0,0,0,1,0,0,1,1,0,0,0,0,1,1,0,0,0,1,0,0,1,0,0.694444444,0.764179104,1,1
0,1,1,0,0,0,1,0,1,0,1,0,0,0,0,1,0,0,1,1,0,0,0,0,1,1,0,0,1,0,0,0,1,0,0.430555556,0.751741294,0,1
0,1,1,0,0,0,1,0,1,0,0,0,1,0,0,1,0,0,1,1,0,0,0,0,1,0,0,1,0,1,0,0,1,0,0.805555556,0.901492537,1,0
0,1,0,1,0,0,1,0,1,0,0,0,1,1,0,0,0,0,1,1,0,0,0,0,1,1,0,0,1,0,0,0,1,0,0.236111111,0.757711443,0,1
1,0,1,0,0,0,1,0,1,0,1,0,0,0,0,1,1,0,0,1,0,0,1,0,0,1,0,0,0,1,0,0,1,0,0.75,0.609452736,1,0
1,0,1,0,1,0,0,0,1,0,0,0,1,1,0,0,1,0,0,1,0,0,1,0,0,1,0,0,1,0,0,0,0,1,0.013888889,0.567661692,0,0
1,0,1,0,0,1,0,1,0,0,1,0,0,1,0,0,1,0,0,1,0,0,1,0,0,1,0,0,0,1,0,0,1,0,0.013888889,0.068159204,1,1
1,0,1,0,0,0,1,0,1,0,1,0,0,0,0,1,0,0,1,1,0,0,0,0,1,0,0,1,0,1,0,0,1,0,0.597222222,0.85920398,0,0
1,0,1,0,0,0,1,0,1,0,1,0,0,1,0,0,1,0,0,1,0,0,0,0,1,0,0,1,0,1,0,0,1,0,0.013888889,0.749253731,1,1
1,0,1,0,0,1,0,1,0,0,1,0,0,1,0,0,1,0,0,1,0,0,0,0,1,0,0,1,0,1,0,1,0,0,0.263888889,0.264676617,0,0
1,0,1,0,1,0,0,0,0,1,0,1,0,0,1,0,0,1,0,0,1,0,0,1,0,0,1,0,0,1,0,0,0,1,0.013888889,0.01641791,0,0
1,0,1,0,0,0,1,0,1,0,1,0,0,0,0,1,1,0,0,1,0,0,0,0,1,1,0,0,0,1,0,0,1,0,0.347222222,0.708955224,1,1
0,1,1,0,1,0,0,0,1,0,0,0,1,0,0,1,0,0,1,1,0,0,0,0,1,0,0,1,0,1,1,0,0,0,0.736111111,0.874129353,0,1
0,1,1,0,0,0,1,0,1,0,1,0,0,1,0,0,1,0,0,1,0,0,1,0,0,1,0,0,0,1,0,0,0,1,0.097222222,0.558706468,1,1
1,0,1,0,1,0,0,0,0,1,0,1,0,0,1,0,0,1,0,0,1,0,0,1,0,0,1,0,1,0,0,0,1,0,0.097222222,0.009950249,0,1
1,0,1,0,0,0,1,0,1,0,1,0,0,1,0,0,1,0,0,0,0,1,1,0,0,1,0,0,0,1,0,1,0,0,0.430555556,0.612935323,0,1
1,0,0,1,0,0,1,0,1,0,1,0,0,1,0,0,1,0,0,1,0,0,0,0,1,1,0,0,0,1,0,1,0,0,0.430555556,0.67960199,0,0
1,0,1,0,0,0,1,0,1,0,1,0,0,0,0,1,0,0,1,1,0,0,0,0,1,0,0,1,0,1,0,0,1,0,0.833333333,0.872139303,0,0
0,1,0,1,0,0,1,0,1,0,1,0,0,1,0,0,1,0,0,1,0,0,0,0,1,1,0,0,0,1,1,0,0,0,0.694444444,0.658208955,0,1
1,0,1,0,0,0,1,0,1,0,1,0,0,1,0,0,1,0,0,1,0,0,0,0,1,1,0,0,1,0,1,0,0,0,0.736111111,0.668656716,0,0
1,0,0,1,1,0,0,0,0,1,0,1,0,0,1,0,0,1,0,0,1,0,0,1,0,0,1,0,0,1,0,0,1,0,0.277777778,0.011442786,0,0
0,1,1,0,0,0,1,0,1,0,1,0,0,1,0,0,1,0,0,1,0,0,1,0,0,1,0,0,0,1,0,0,1,0,0.375,0.569651741,1,0
1,0,1,0,1,0,0,1,0,0,0,0,1,1,0,0,1,0,0,0,0,1,1,0,0,1,0,0,1,0,0,0,0,1,0.166666667,0.382089552,0,1
0,1,1,0,0,1,0,1,0,0,1,0,0,1,0,0,0,0,1,1,0,0,0,0,1,0,0,1,0,1,0,0,1,0,0.013888889,0.319402985,0,1
0,1,1,0,0,1,0,1,0,0,1,0,0,1,0,0,0,0,1,1,0,0,0,0,1,0,0,1,0,1,0,0,1,0,0.013888889,0.319402985,0,0
0,1,1,0,0,0,1,0,1,0,1,0,0,1,0,0,1,0,0,1,0,0,1,0,0,0,0,1,1,0,0,0,1,0,0.444444444,0.667164179,1,1
1,0,0,1,0,0,1,0,1,0,1,0,0,1,0,0,1,0,0,1,0,0,1,0,0,1,0,0,0,1,0,1,0,0,0.166666667,0.552238806,0,1
1,0,0,1,1,0,0,0,0,1,0,1,0,0,1,0,0,1,0,0,1,0,0,1,0,0,1,0,0,1,0,0,0,1,0.013888889,0.011940299,0,0
1,0,1,0,1,0,0,0,1,0,1,0,0,1,0,0,1,0,0,0,0,1,1,0,0,1,0,0,0,1,0,0,1,0,0.013888889,0.573631841,0,1
1,0,1,0,1,0,0,0,1,0,1,0,0,1,0,0,1,0,0,1,0,0,0,0,1,0,0,1,0,1,0,0,0,1,0.597222222,0.709452736,1,0
1,0,1,0,1,0,0,0,0,1,0,1,0,0,1,0,0,1,0,0,1,0,0,1,0,0,1,0,1,0,0,0,0,1,0.027777778,0.012437811,0,1
1,0,1,0,1,0,0,0,1,0,0,0,1,1,0,0,1,0,0,1,0,0,1,0,0,0,0,1,1,0,0,0,0,1,0.652777778,0.669154229,1,0
0,1,1,0,0,0,1,0,1,0,1,0,0,0,0,1,0,0,1,1,0,0,0,0,1,0,0,1,0,1,0,0,1,0,0.902777778,0.875621891,1,0
0,1,0,1,0,0,1,0,1,0,1,0,0,0,0,1,0,0,1,1,0,0,0,0,1,0,0,1,0,1,0,1,0,0,0.138888889,0.834328358,0,0
0,1,0,1,0,0,1,1,0,0,0,0,1,0,0,1,0,0,1,0,0,1,0,0,1,0,0,1,1,0,0,1,0,0,1,0.738308458,1,0
1,0,1,0,0,0,1,1,0,0,0,0,1,0,0,1,0,0,1,0,0,1,1,0,0,0,0,1,0,1,0,1,0,0,0.958333333,0.600497512,0,0
0,1,0,1,0,0,1,0,1,0,1,0,0,0,0,1,1,0,0,1,0,0,1,0,0,1,0,0,0,1,0,0,1,0,0.069444444,0.615920398,0,1
1,0,1,0,1,0,0,0,1,0,0,0,1,0,0,1,1,0,0,0,0,1,0,0,1,0,0,1,0,1,0,1,0,0,0.597222222,0.894527363,1,1
1,0,1,0,1,0,0,0,1,0,1,0,0,1,0,0,1,0,0,1,0,0,1,0,0,0,0,1,0,1,0,0,1,0,0.013888889,0.606965174,0,1
1,0,1,0,0,0,1,0,1,0,1,0,0,1,0,0,1,0,0,1,0,0,1,0,0,0,0,1,0,1,0,0,1,0,0.055555556,0.670646766,0,0
1,0,1,0,0,0,1,0,1,0,1,0,0,0,0,1,0,0,1,1,0,0,0,0,1,0,0,1,0,1,0,0,1,0,0.833333333,0.872139303,0,1
0,1,0,1,0,0,1,0,1,0,1,0,0,0,0,1,0,0,1,1,0,0,0,0,1,0,0,1,0,1,0,0,1,0,1,0.847263682,0,0
1,0,1,0,1,0,0,0,1,0,1,0,0,0,0,1,0,0,1,1,0,0,1,0,0,1,0,0,0,1,0,0,1,0,0.180555556,0.612437811,0,0
0,1,0,1,1,0,0,0,1,0,1,0,0,1,0,0,1,0,0,1,0,0,1,0,0,1,0,0,0,1,1,0,0,0,0.444444444,0.512437811,0,0
1,0,1,0,1,0,0,0,1,0,0,0,1,1,0,0,1,0,0,0,0,1,0,0,1,0,0,1,1,0,0,1,0,0,0.111111111,0.81641791,1,0
0,1,1,0,0,0,1,0,1,0,1,0,0,1,0,0,1,0,0,1,0,0,1,0,0,1,0,0,0,1,0,0,1,0,0.013888889,0.558706468,1,1
1,0,1,0,0,0,1,0,1,0,1,0,0,1,0,0,1,0,0,1,0,0,0,0,1,0,0,1,0,1,0,0,1,0,0.027777778,0.753731343,1,1
1,0,1,0,1,0,0,0,1,0,1,0,0,0,0,1,1,0,0,0,0,1,0,0,1,0,0,1,0,1,0,0,1,0,0.041666667,0.792537313,0,0
1,0,1,0,1,0,0,0,1,0,1,0,0,1,0,0,1,0,0,1,0,0,1,0,0,1,0,0,1,0,0,0,0,1,0.013888889,0.508955224,0,1
0,1,1,0,0,0,1,0,1,0,1,0,0,1,0,0,0,0,1,1,0,0,0,0,1,0,0,1,0,1,0,0,1,0,0.569444444,0.811442786,1,0
0,1,0,1,1,0,0,0,1,0,1,0,0,1,0,0,1,0,0,1,0,0,1,0,0,1,0,0,0,1,0,0,0,1,0.013888889,0.521393035,0,0
1,0,1,0,1,0,0,0,0,1,0,1,0,0,1,0,0,1,0,0,1,0,0,1,0,0,1,0,1,0,0,0,0,1,0.041666667,0.015920398,0,0
1,0,1,0,1,0,0,1,0,0,1,0,0,1,0,0,1,0,0,1,0,0,1,0,0,1,0,0,0,1,0,0,0,1,0.055555556,0.276119403,0,1
1,0,1,0,0,0,1,0,1,0,1,0,0,1,0,0,1,0,0,0,0,1,1,0,0,1,0,0,0,1,0,1,0,0,0.430555556,0.612935323,0,1
1,0,1,0,0,0,1,0,1,0,0,0,1,1,0,0,1,0,0,1,0,0,0,0,1,0,0,1,0,1,0,0,1,0,0.763888889,0.801492537,1,0
1,0,1,0,1,0,0,1,0,0,1,0,0,1,0,0,1,0,0,0,0,1,1,0,0,1,0,0,0,1,0,0,1,0,0.013888889,0.323880597,0,1
1,0,1,0,0,0,1,0,1,0,1,0,0,0,0,1,1,0,0,0,0,1,1,0,0,1,0,0,0,1,0,0,1,0,0.25,0.668656716,1,1
1,0,1,0,1,0,0,1,0,0,1,0,0,1,0,0,1,0,0,1,0,0,1,0,0,1,0,0,0,1,0,0,0,1,0.055555556,0.269154229,0,0
1,0,1,0,1,0,0,0,1,0,1,0,0,1,0,0,0,0,1,1,0,0,1,0,0,0,0,1,0,1,0,1,0,0,0.138888889,0.660199005,1,0
1,0,1,0,0,0,1,0,1,0,1,0,0,1,0,0,1,0,0,1,0,0,0,0,1,1,0,0,0,1,0,0,1,0,0.222222222,0.680099502,1,0
0,1,1,0,0,0,1,0,1,0,1,0,0,0,0,1,1,0,0,0,0,1,0,0,1,1,0,0,0,1,0,0,1,0,0.847222222,0.754726368,0,0
1,0,1,0,1,0,0,0,1,0,1,0,0,1,0,0,1,0,0,1,0,0,0,0,1,1,0,0,0,1,0,0,1,0,0.013888889,0.6039801,0,1
0,1,1,0,0,1,0,1,0,0,1,0,0,0,0,1,0,0,1,1,0,0,0,0,1,0,0,1,0,1,0,0,1,0,1,0.357711443,0,0
1,0,0,1,1,0,0,0,1,0,1,0,0,1,0,0,0,0,1,0,0,1,0,0,1,0,0,1,0,1,1,0,0,0,0.055555556,0.794527363,0,0
1,0,1,0,1,0,0,0,1,0,1,0,0,1,0,0,1,0,0,1,0,0,1,0,0,1,0,0,1,0,1,0,0,0,0.027777778,0.512437811,0,1
1,0,1,0,1,0,0,0,1,0,1,0,0,1,0,0,1,0,0,1,0,0,1,0,0,1,0,0,0,1,0,0,1,0,0.013888889,0.520895522,0,0
1,0,1,0,0,1,0,1,0,0,1,0,0,1,0,0,1,0,0,1,0,0,1,0,0,1,0,0,1,0,0,0,1,0,0.041666667,0.070149254,1,1
1,0,1,0,1,0,0,0,1,0,1,0,0,1,0,0,1,0,0,1,0,0,0,0,1,1,0,0,0,1,0,0,1,0,0.027777778,0.61641791,0,1
1,0,1,0,1,0,0,0,1,0,1,0,0,1,0,0,1,0,0,1,0,0,1,0,0,1,0,0,1,0,1,0,0,0,0.027777778,0.514925373,0,1
1,0,1,0,1,0,0,1,0,0,1,0,0,1,0,0,1,0,0,1,0,0,1,0,0,1,0,0,1,0,0,0,1,0,0.125,0.267661692,0,1
1,0,1,0,1,0,0,0,1,0,1,0,0,1,0,0,1,0,0,1,0,0,0,0,1,0,0,1,0,1,0,0,1,0,0.083333333,0.708955224,0,0
1,0,1,0,1,0,0,0,1,0,1,0,0,1,0,0,1,0,0,1,0,0,0,0,1,1,0,0,0,1,0,0,1,0,0.027777778,0.611940299,0,0
0,1,1,0,1,0,0,0,1,0,0,0,1,1,0,0,1,0,0,1,0,0,0,0,1,1,0,0,1,0,0,0,1,0,0.722222222,0.655223881,0,1
1,0,1,0,0,0,1,0,1,0,1,0,0,1,0,0,1,0,0,1,0,0,0,0,1,1,0,0,0,1,0,0,1,0,0.125,0.667661692,0,1
1,0,1,0,0,0,1,0,1,0,1,0,0,1,0,0,1,0,0,1,0,0,0,0,1,1,0,0,0,1,0,0,1,0,0.125,0.667661692,0,0
1,0,1,0,0,1,0,1,0,0,1,0,0,0,0,1,1,0,0,1,0,0,0,0,1,0,0,1,0,1,0,0,0,1,0.069444444,0.325870647,0,0
1,0,1,0,1,0,0,1,0,0,1,0,0,1,0,0,1,0,0,1,0,0,1,0,0,1,0,0,0,1,0,0,1,0,0.013888889,0.245273632,0,1
1,0,1,0,1,0,0,1,0,0,0,0,1,1,0,0,1,0,0,1,0,0,1,0,0,1,0,0,0,1,0,0,1,0,0.111111111,0.314427861,0,0
1,0,1,0,1,0,0,1,0,0,1,0,0,1,0,0,1,0,0,1,0,0,0,0,1,1,0,0,1,0,0,1,0,0,0.041666667,0.349751244,0,1
0,1,0,1,1,0,0,1,0,0,1,0,0,1,0,0,1,0,0,1,0,0,0,0,1,0,0,1,1,0,0,0,0,1,0.027777778,0.472139303,0,1
1,0,1,0,0,0,1,1,0,0,1,0,0,0,0,1,1,0,0,0,0,1,1,0,0,1,0,0,0,1,0,1,0,0,0.208333333,0.401492537,0,0
1,0,1,0,1,0,0,0,1,0,1,0,0,1,0,0,1,0,0,1,0,0,1,0,0,1,0,0,1,0,0,0,0,1,0.013888889,0.52238806,0,0
1,0,0,1,1,0,0,1,0,0,1,0,0,1,0,0,0,0,1,0,0,1,0,0,1,0,0,1,0,1,0,0,0,1,0.125,0.543781095,0,1
0,1,1,0,1,0,0,1,0,0,1,0,0,1,0,0,1,0,0,1,0,0,1,0,0,1,0,0,0,1,0,0,1,0,0.152777778,0.256716418,0,1
1,0,1,0,0,0,1,0,1,0,1,0,0,1,0,0,1,0,0,1,0,0,1,0,0,1,0,0,0,1,0,0,1,0,0.319444444,0.564179104,0,1
0,1,1,0,1,0,0,0,1,0,0,0,1,1,0,0,1,0,0,1,0,0,0,0,1,0,0,1,0,1,0,0,1,0,0.013888889,0.763681592,0,0
1,0,1,0,1,0,0,0,1,0,0,0,1,1,0,0,1,0,0,1,0,0,1,0,0,1,0,0,0,1,0,0,1,0,0.597222222,0.566666667,0,1
0,1,1,0,0,0,1,0,1,0,1,0,0,1,0,0,0,0,1,1,0,0,0,0,1,0,0,1,0,1,0,0,1,0,0.097222222,0.805970149,1,1
0,1,0,1,1,0,0,0,1,0,1,0,0,0,0,1,1,0,0,1,0,0,1,0,0,0,0,1,0,1,0,1,0,0,0.083333333,0.649751244,0,1
1,0,1,0,0,0,1,0,1,0,1,0,0,1,0,0,1,0,0,1,0,0,0,0,1,0,0,1,0,1,0,0,1,0,0.694444444,0.770646766,1,0
1,0,1,0,0,0,1,0,1,0,1,0,0,1,0,0,1,0,0,1,0,0,1,0,0,1,0,0,0,1,0,0,0,1,0.208333333,0.55920398,1,0
0,1,1,0,0,0,1,0,1,0,1,0,0,0,0,1,1,0,0,1,0,0,0,0,1,0,0,1,0,1,0,0,1,0,0.5,0.778606965,1,0
0,1,1,0,0,0,1,0,1,0,1,0,0,1,0,0,1,0,0,1,0,0,0,0,1,1,0,0,0,1,0,0,1,0,0.083333333,0.64278607,0,0
1,0,1,0,1,0,0,0,1,0,1,0,0,1,0,0,1,0,0,0,0,1,1,0,0,0,0,1,0,1,0,1,0,0,0.069444444,0.668159204,0,0
1,0,1,0,1,0,0,1,0,0,1,0,0,1,0,0,1,0,0,1,0,0,1,0,0,1,0,0,0,1,0,1,0,0,0.138888889,0.264676617,0,1
1,0,1,0,0,0,1,0,1,0,0,0,1,1,0,0,0,0,1,0,0,1,0,0,1,0,0,1,0,1,0,0,1,0,0.986111111,0.893532338,0,0
1,0,1,0,0,1,0,1,0,0,0,0,1,1,0,0,0,0,1,0,0,1,1,0,0,1,0,0,1,0,0,0,0,1,0.069444444,0.21641791,0,1
1,0,1,0,0,0,1,0,1,0,1,0,0,1,0,0,1,0,0,1,0,0,0,0,1,0,0,1,0,1,0,1,0,0,0.444444444,0.775124378,1,0
1,0,1,0,0,0,1,0,1,0,1,0,0,0,0,1,1,0,0,1,0,0,1,0,0,1,0,0,1,0,0,0,1,0,0.055555556,0.599004975,0,0
1,0,1,0,0,0,1,0,1,0,1,0,0,0,0,1,1,0,0,1,0,0,0,0,1,1,0,0,0,1,0,1,0,0,0.625,0.706965174,0,1
1,0,1,0,0,0,1,0,1,0,0,0,1,0,0,1,1,0,0,0,0,1,0,0,1,0,0,1,0,1,0,1,0,0,0.444444444,0.894527363,0,0
0,1,1,0,0,0,1,0,1,0,1,0,0,1,0,0,1,0,0,1,0,0,1,0,0,1,0,0,0,1,0,0,1,0,0.055555556,0.56119403,0,1
1,0,1,0,0,1,0,1,0,0,0,0,1,1,0,0,1,0,0,0,0,1,1,0,0,1,0,0,1,0,0,0,0,1,0.041666667,0.15920398,0,0
1,0,1,0,0,0,1,0,1,0,1,0,0,1,0,0,1,0,0,1,0,0,1,0,0,1,0,0,0,1,0,0,0,1,0.027777778,0.569154229,1,0
1,0,1,0,0,0,1,0,1,0,1,0,0,0,0,1,0,0,1,1,0,0,0,0,1,0,0,1,1,0,0,0,0,1,0.069444444,0.854228856,0,1
0,1,1,0,0,0,1,0,1,0,1,0,0,1,0,0,1,0,0,1,0,0,1,0,0,1,0,0,0,1,0,0,1,0,0.513888889,0.57960199,1,0
0,1,0,1,0,1,0,1,0,0,1,0,0,1,0,0,1,0,0,0,0,1,0,0,1,1,0,0,1,0,0,0,1,0,0.013888889,0.217412935,0,0
1,0,1,0,0,0,1,0,1,0,1,0,0,0,0,1,1,0,0,1,0,0,0,0,1,0,0,1,0,1,0,0,1,0,0.5,0.804975124,0,1
1,0,1,0,1,0,0,1,0,0,1,0,0,0,0,1,1,0,0,1,0,0,0,0,1,0,0,1,0,1,1,0,0,0,0.055555556,0.501492537,0,0
0,1,0,1,0,0,1,1,0,0,0,0,1,0,0,1,1,0,0,0,0,1,0,0,1,1,0,0,1,0,0,0,0,1,0.291666667,0.589552239,0,1
1,0,1,0,1,0,0,1,0,0,0,0,1,1,0,0,1,0,0,1,0,0,1,0,0,1,0,0,0,1,0,0,0,1,0.097222222,0.325870647,0,1
0,1,0,1,1,0,0,1,0,0,0,0,1,1,0,0,0,0,1,0,0,1,0,0,1,0,0,1,1,0,0,1,0,0,0.541666667,0.614427861,0,0
1,0,1,0,0,0,1,0,1,0,1,0,0,1,0,0,1,0,0,1,0,0,0,0,1,0,0,1,0,1,0,0,1,0,0.125,0.768656716,0,1
1,0,1,0,1,0,0,0,1,0,1,0,0,1,0,0,1,0,0,1,0,0,0,0,1,1,0,0,0,1,0,0,1,0,0.125,0.622885572,1,0
1,0,1,0,1,0,0,0,1,0,1,0,0,0,0,1,0,0,1,1,0,0,1,0,0,1,0,0,0,1,0,0,1,0,0.180555556,0.606965174,0,1
1,0,1,0,0,1,0,1,0,0,1,0,0,0,0,1,0,0,1,1,0,0,1,0,0,0,0,1,0,1,1,0,0,0,0.305555556,0.253731343,0,0
1,0,1,0,0,1,0,1,0,0,1,0,0,0,0,1,1,0,0,1,0,0,0,0,1,0,0,1,0,1,0,0,0,1,0.069444444,0.325870647,0,1
0,1,1,0,1,0,0,0,0,1,0,1,0,0,1,0,0,1,0,0,1,0,0,1,0,0,1,0,1,0,1,0,0,0,0.083333333,0.012437811,0,1
1,0,1,0,0,0,1,0,1,0,1,0,0,1,0,0,1,0,0,1,0,0,1,0,0,0,0,1,0,1,0,0,1,0,0.375,0.666666667,1,0
1,0,1,0,1,0,0,0,1,0,1,0,0,1,0,0,1,0,0,1,0,0,1,0,0,1,0,0,0,1,0,0,1,0,0.013888889,0.514427861,1,0
0,1,1,0,0,0,1,0,1,0,0,0,1,0,0,1,0,0,1,1,0,0,1,0,0,1,0,0,1,0,1,0,0,0,0.125,0.731343284,0,1
1,0,1,0,0,0,1,0,1,0,1,0,0,0,0,1,1,0,0,1,0,0,1,0,0,0,0,1,0,1,0,0,1,0,0.055555556,0.703482587,0,1
0,1,1,0,0,0,1,0,1,0,1,0,0,1,0,0,1,0,0,1,0,0,0,0,1,1,0,0,0,1,0,0,1,0,0.194444444,0.675124378,0,0
0,1,0,1,0,0,1,0,1,0,0,0,1,1,0,0,1,0,0,1,0,0,0,0,1,0,0,1,0,1,0,0,1,0,0.138888889,0.815920398,0,1
1,0,1,0,0,0,1,0,1,0,1,0,0,1,0,0,1,0,0,1,0,0,1,0,0,0,0,1,0,1,0,0,1,0,0.013888889,0.664676617,1,1
1,0,1,0,1,0,0,0,1,0,1,0,0,1,0,0,1,0,0,1,0,0,1,0,0,1,0,0,0,1,0,0,1,0,0.055555556,0.51641791,0,1
1,0,1,0,1,0,0,1,0,0,1,0,0,1,0,0,1,0,0,1,0,0,1,0,0,1,0,0,0,1,0,1,0,0,0.138888889,0.264676617,0,1
1,0,1,0,0,0,1,0,1,0,1,0,0,1,0,0,1,0,0,1,0,0,1,0,0,1,0,0,1,0,1,0,0,0,0.319444444,0.570646766,0,0
1,0,1,0,1,0,0,0,1,0,1,0,0,1,0,0,1,0,0,1,0,0,0,0,1,1,0,0,0,1,0,1,0,0,0.083333333,0.619402985,0,1
1,0,1,0,0,0,1,0,1,0,1,0,0,1,0,0,1,0,0,1,0,0,0,0,1,1,0,0,0,1,0,0,1,0,0.25,0.666169154,0,1
1,0,1,0,1,0,0,0,1,0,1,0,0,1,0,0,1,0,0,1,0,0,1,0,0,0,0,1,1,0,0,0,1,0,0.013888889,0.619402985,0,1
1,0,1,0,1,0,0,0,1,0,1,0,0,0,0,1,1,0,0,1,0,0,1,0,0,1,0,0,0,1,0,0,1,0,0.138888889,0.543283582,1,1
1,0,1,0,1,0,0,0,1,0,1,0,0,1,0,0,1,0,0,1,0,0,1,0,0,1,0,0,0,1,0,0,1,0,0.013888889,0.513432836,0,1
0,1,0,1,0,0,1,0,1,0,0,0,1,1,0,0,1,0,0,1,0,0,0,0,1,0,0,1,0,1,0,1,0,0,0.444444444,0.808955224,0,0
1,0,1,0,1,0,0,0,1,0,1,0,0,1,0,0,1,0,0,1,0,0,1,0,0,1,0,0,0,1,0,0,1,0,0.013888889,0.508457711,0,0
0,1,0,1,0,0,1,0,1,0,1,0,0,1,0,0,0,0,1,0,0,1,0,0,1,0,0,1,0,1,1,0,0,0,0.652777778,0.886567164,0,0
1,0,1,0,1,0,0,0,1,0,1,0,0,1,0,0,1,0,0,1,0,0,0,0,1,1,0,0,0,1,0,1,0,0,0.069444444,0.624378109,0,0
0,1,0,1,1,0,0,0,1,0,1,0,0,1,0,0,1,0,0,1,0,0,0,0,1,0,0,1,0,1,1,0,0,0,0.388888889,0.714925373,0,0
1,0,1,0,0,0,1,0,1,0,0,0,1,0,0,1,0,0,1,0,0,1,0,0,1,0,0,1,1,0,0,1,0,0,0.930555556,0.974626866,0,1
0,1,1,0,0,0,1,0,1,0,1,0,0,0,0,1,0,0,1,0,0,1,0,0,1,0,0,1,0,1,0,0,1,0,0.652777778,0.908457711,0,0
0,1,0,1,1,0,0,0,1,0,1,0,0,1,0,0,1,0,0,1,0,0,0,0,1,0,0,1,0,1,0,0,1,0,0.277777778,0.715920398,0,1
1,0,1,0,1,0,0,1,0,0,1,0,0,1,0,0,1,0,0,1,0,0,1,0,0,1,0,0,0,1,0,1,0,0,0.138888889,0.264676617,0,1
0,1,1,0,0,0,1,0,1,0,1,0,0,1,0,0,0,0,1,1,0,0,1,0,0,0,0,1,0,1,0,0,1,0,0.138888889,0.711940299,1,0
1,0,1,0,1,0,0,0,1,0,0,0,1,1,0,0,0,0,1,0,0,1,0,0,1,0,0,1,0,1,0,0,1,0,0.263888889,0.879104478,0,1
1,0,1,0,1,0,0,0,1,0,1,0,0,0,0,1,1,0,0,1,0,0,0,0,1,0,0,1,0,1,0,0,1,0,0.041666667,0.764676617,0,0
1,0,1,0,0,0,1,0,1,0,1,0,0,1,0,0,0,0,1,1,0,0,0,0,1,0,0,1,0,1,0,0,1,0,0.069444444,0.81840796,0,0
1,0,1,0,1,0,0,1,0,0,1,0,0,1,0,0,1,0,0,1,0,0,1,0,0,1,0,0,0,1,0,0,1,0,0.027777778,0.257711443,1,0
1,0,1,0,0,0,1,0,1,0,1,0,0,1,0,0,1,0,0,1,0,0,1,0,0,1,0,0,0,1,0,0,1,0,0.013888889,0.561691542,1,0
1,0,1,0,0,1,0,1,0,0,1,0,0,0,0,1,1,0,0,1,0,0,1,0,0,1,0,0,1,0,1,0,0,0,0.638888889,0.119900498,0,1
0,1,1,0,0,0,1,0,1,0,1,0,0,1,0,0,0,0,1,0,0,1,1,0,0,1,0,0,0,1,0,0,1,0,0.583333333,0.65721393,0,1
1,0,1,0,0,0,1,0,1,0,1,0,0,1,0,0,1,0,0,1,0,0,1,0,0,1,0,0,0,1,0,0,1,0,0.013888889,0.565671642,0,0
0,1,0,1,1,0,0,1,0,0,0,0,1,0,0,1,1,0,0,1,0,0,1,0,0,1,0,0,1,0,0,1,0,0,0.083333333,0.374626866,0,1
1,0,1,0,1,0,0,0,1,0,1,0,0,1,0,0,1,0,0,1,0,0,0,0,1,1,0,0,0,1,0,0,1,0,0.069444444,0.62039801,0,0
1,0,1,0,1,0,0,1,0,0,0,0,1,0,0,1,1,0,0,1,0,0,1,0,0,1,0,0,1,0,0,0,1,0,0.083333333,0.378109453,0,1
1,0,1,0,0,0,1,0,1,0,1,0,0,0,0,1,0,0,1,0,0,1,0,0,1,0,0,1,0,1,0,0,1,0,0.777777778,0.932338308,1,0
1,0,1,0,0,0,1,0,1,0,1,0,0,1,0,0,1,0,0,1,0,0,1,0,0,1,0,0,0,1,0,0,1,0,0.013888889,0.569154229,0,0
0,1,0,1,1,0,0,0,0,1,0,1,0,0,1,0,0,1,0,0,1,0,0,1,0,0,1,0,0,1,0,0,0,1,0.013888889,0.02238806,0,1
0,1,1,0,1,0,0,0,1,0,1,0,0,0,0,1,1,0,0,1,0,0,1,0,0,1,0,0,0,1,0,0,0,1,0.013888889,0.578606965,1,1
0,1,1,0,0,0,1,0,1,0,1,0,0,0,0,1,0,0,1,1,0,0,0,0,1,0,0,1,0,1,0,0,1,0,0.875,0.847263682,0,1
1,0,0,1,1,0,0,0,1,0,1,0,0,1,0,0,1,0,0,1,0,0,1,0,0,0,0,1,0,1,0,0,1,0,0.013888889,0.610447761,0,0
0,1,1,0,0,1,0,1,0,0,1,0,0,1,0,0,1,0,0,1,0,0,1,0,0,1,0,0,0,1,0,0,1,0,0.277777778,0.061691542,0,0
1,0,1,0,1,0,0,0,1,0,1,0,0,1,0,0,1,0,0,1,0,0,0,0,1,0,0,1,0,1,0,0,1,0,0.013888889,0.704975124,0,0
1,0,1,0,0,0,1,0,1,0,1,0,0,1,0,0,0,0,1,0,0,1,0,0,1,0,0,1,0,1,1,0,0,0,0.958333333,0.878109453,0,0
0,1,1,0,1,0,0,0,1,0,1,0,0,1,0,0,0,0,1,0,0,1,1,0,0,1,0,0,0,1,0,0,0,1,0.055555556,0.62039801,0,0
1,0,1,0,0,0,1,0,1,0,1,0,0,1,0,0,0,0,1,1,0,0,0,0,1,0,0,1,0,1,0,0,1,0,0.111111111,0.809950249,0,1
1,0,1,0,0,0,1,0,1,0,1,0,0,1,0,0,0,0,1,1,0,0,1,0,0,0,0,1,0,1,0,0,1,0,0.055555556,0.702487562,1,1
0,1,1,0,0,0,1,0,1,0,1,0,0,0,0,1,0,0,1,1,0,0,0,0,1,0,0,1,0,1,0,0,1,0,0.847222222,0.868656716,0,0
0,1,1,0,0,0,1,0,1,0,0,0,1,1,0,0,0,0,1,0,0,1,0,0,1,0,0,1,0,1,0,0,0,1,0.597222222,0.908457711,1,1
1,0,1,0,0,0,1,0,1,0,1,0,0,1,0,0,1,0,0,1,0,0,1,0,0,1,0,0,0,1,0,0,0,1,0.027777778,0.56318408,1,1
1,0,1,0,1,0,0,1,0,0,1,0,0,1,0,0,1,0,0,1,0,0,1,0,0,1,0,0,0,1,0,0,0,1,0.013888889,0.257711443,0,0
1,0,1,0,1,0,0,0,1,0,1,0,0,0,0,1,1,0,0,1,0,0,0,0,1,0,0,1,0,1,0,0,1,0,0.069444444,0.776119403,0,0
0,1,0,1,1,0,0,0,0,1,0,1,0,0,1,0,0,1,0,0,1,0,0,1,0,0,1,0,0,1,0,0,1,0,0.208333333,0.017412935,0,1
0,1,0,1,0,0,1,0,1,0,1,0,0,0,0,1,0,0,1,1,0,0,0,0,1,0,0,1,0,1,0,0,1,0,0.902777778,0.868159204,0,0
1,0,0,1,1,0,0,1,0,0,1,0,0,1,0,0,1,0,0,1,0,0,0,0,1,0,0,1,0,1,0,0,0,1,0.236111111,0.462189055,0,0
1,0,1,0,0,0,1,0,1,0,1,0,0,1,0,0,1,0,0,0,0,1,1,0,0,1,0,0,0,1,0,1,0,0,0.430555556,0.612935323,0,0
1,0,1,0,1,0,0,0,1,0,1,0,0,1,0,0,0,0,1,1,0,0,1,0,0,1,0,0,1,0,1,0,0,0,0.013888889,0.549751244,0,1
1,0,1,0,0,0,1,0,1,0,1,0,0,1,0,0,0,0,1,1,0,0,0,0,1,0,0,1,0,1,1,0,0,0,0.041666667,0.828855721,0,0
1,0,1,0,0,0,1,0,1,0,1,0,0,1,0,0,0,0,1,1,0,0,1,0,0,0,0,1,0,1,0,1,0,0,0.680555556,0.72238806,1,0
1,0,1,0,0,0,1,0,1,0,1,0,0,1,0,0,1,0,0,1,0,0,1,0,0,1,0,0,0,1,0,0,1,0,0.027777778,0.570149254,0,0
0,1,0,1,1,0,0,1,0,0,1,0,0,1,0,0,1,0,0,1,0,0,0,0,1,1,0,0,1,0,0,0,1,0,0.597222222,0.377114428,0,0
1,0,1,0,0,0,1,0,1,0,1,0,0,1,0,0,1,0,0,1,0,0,1,0,0,0,0,1,0,1,0,0,1,0,0.027777778,0.671144279,0,1
1,0,1,0,1,0,0,0,1,0,1,0,0,0,0,1,0,0,1,0,0,1,1,0,0,1,0,0,0,1,0,1,0,0,0.527777778,0.656716418,0,0
1,0,1,0,1,0,0,0,1,0,1,0,0,1,0,0,0,0,1,0,0,1,0,0,1,0,0,1,0,1,0,0,0,1,0.083333333,0.812935323,0,0
1,0,0,1,1,0,0,1,0,0,0,0,1,0,0,1,1,0,0,0,0,1,1,0,0,1,0,0,0,1,0,0,1,0,0.013888889,0.415422886,0,1
1,0,1,0,1,0,0,0,1,0,1,0,0,1,0,0,1,0,0,1,0,0,1,0,0,1,0,0,0,1,0,0,0,1,0.013888889,0.514427861,0,0
1,0,1,0,0,0,1,0,1,0,0,0,1,1,0,0,1,0,0,0,0,1,0,0,1,0,0,1,0,1,0,1,0,0,0.972222222,0.853233831,0,0
0,1,1,0,1,0,0,0,1,0,1,0,0,0,0,1,1,0,0,1,0,0,1,0,0,1,0,0,0,1,0,0,1,0,0.236111111,0.579104478,1,0
0,1,1,0,1,0,0,0,1,0,1,0,0,0,0,1,1,0,0,1,0,0,1,0,0,1,0,0,0,1,0,0,1,0,0.236111111,0.579104478,1,1
1,0,1,0,1,0,0,0,1,0,1,0,0,1,0,0,1,0,0,1,0,0,0,0,1,0,0,1,0,1,0,0,1,0,0.055555556,0.698507463,0,1
1,0,1,0,0,0,1,0,1,0,1,0,0,1,0,0,0,0,1,1,0,0,0,0,1,1,0,0,0,1,0,0,1,0,0.055555556,0.705970149,1,0
1,0,1,0,1,0,0,1,0,0,1,0,0,1,0,0,0,0,1,1,0,0,0,0,1,0,0,1,0,1,0,0,0,1,0.069444444,0.514925373,0,0
1,0,1,0,1,0,0,1,0,0,1,0,0,1,0,0,1,0,0,1,0,0,1,0,0,1,0,0,0,1,0,0,0,1,0.013888889,0.274626866,0,0
1,0,1,0,1,0,0,0,0,1,0,1,0,0,1,0,0,1,0,0,1,0,0,1,0,0,1,0,0,1,0,0,1,0,0.013888889,0.011940299,1,0
1,0,1,0,1,0,0,1,0,0,1,0,0,1,0,0,1,0,0,1,0,0,1,0,0,1,0,0,1,0,0,0,1,0,0.041666667,0.266169154,1,1
1,0,1,0,1,0,0,1,0,0,1,0,0,1,0,0,1,0,0,1,0,0,0,0,1,1,0,0,0,1,0,0,0,1,0.013888889,0.351243781,0,1
1,0,1,0,1,0,0,0,0,1,0,1,0,0,1,0,0,1,0,0,1,0,0,1,0,0,1,0,1,0,0,0,0,1,0.027777778,0.020895522,0,1
0,1,1,0,0,0,1,0,1,0,0,0,1,0,0,1,0,0,1,1,0,0,1,0,0,1,0,0,1,0,0,0,1,0,0.902777778,0.711442786,0,0
1,0,1,0,1,0,0,0,1,0,1,0,0,1,0,0,0,0,1,1,0,0,1,0,0,1,0,0,0,1,0,0,1,0,0.236111111,0.581094527,0,1
1,0,1,0,0,0,1,0,1,0,1,0,0,1,0,0,1,0,0,0,0,1,0,0,1,0,0,1,0,1,0,0,1,0,0.527777778,0.808955224,1,0
0,1,0,1,1,0,0,0,1,0,1,0,0,1,0,0,0,0,1,0,0,1,1,0,0,0,0,1,1,0,0,1,0,0,0.027777778,0.713930348,0,1
1,0,1,0,1,0,0,0,0,1,0,1,0,0,1,0,0,1,0,0,1,0,0,1,0,0,1,0,1,0,0,0,0,1,0.013888889,0.026865672,0,0
1,0,1,0,0,0,1,0,1,0,1,0,0,1,0,0,0,0,1,1,0,0,0,0,1,0,0,1,0,1,0,0,1,0,0.333333333,0.800995025,0,0
1,0,1,0,0,0,1,0,1,0,1,0,0,1,0,0,0,0,1,1,0,0,1,0,0,1,0,0,0,1,0,0,1,0,0.111111111,0.626865672,1,0
1,0,1,0,1,0,0,0,1,0,1,0,0,0,0,1,0,0,1,1,0,0,1,0,0,1,0,0,0,1,0,0,1,0,0.013888889,0.637313433,0,0
0,1,0,1,0,0,1,0,0,1,0,1,0,0,1,0,0,1,0,0,1,0,0,1,0,0,1,0,1,0,0,0,0,1,0.236111111,0.058208955,0,0
0,1,0,1,0,0,1,0,1,0,1,0,0,1,0,0,1,0,0,0,0,1,1,0,0,1,0,0,0,1,0,0,1,0,0.083333333,0.619402985,0,0
1,0,1,0,1,0,0,1,0,0,1,0,0,1,0,0,1,0,0,1,0,0,1,0,0,1,0,0,0,1,0,0,1,0,0.138888889,0.271641791,0,0
1,0,1,0,0,1,0,1,0,0,1,0,0,1,0,0,1,0,0,1,0,0,1,0,0,1,0,0,0,1,0,0,1,0,0.055555556,0.061691542,0,1
0,1,0,1,0,1,0,1,0,0,1,0,0,0,0,1,1,0,0,1,0,0,0,0,1,0,0,1,0,1,1,0,0,0,0.680555556,0.333830846,0,1
0,1,0,1,0,0,1,0,1,0,0,0,1,0,0,1,1,0,0,1,0,0,0,0,1,0,0,1,1,0,0,0,1,0,0.388888889,0.874129353,0,1
1,0,1,0,1,0,0,0,1,0,1,0,0,0,0,1,1,0,0,1,0,0,0,0,1,0,0,1,0,1,0,0,1,0,0.041666667,0.764676617,0,0
1,0,1,0,0,0,1,0,1,0,1,0,0,1,0,0,1,0,0,1,0,0,1,0,0,1,0,0,1,0,0,0,1,0,0.055555556,0.568159204,0,1
0,1,1,0,0,1,0,1,0,0,0,0,1,1,0,0,0,0,1,1,0,0,0,0,1,0,0,1,1,0,0,0,1,0,0.541666667,0.374626866,0,1
1,0,1,0,0,0,1,0,1,0,1,0,0,1,0,0,1,0,0,1,0,0,1,0,0,1,0,0,1,0,0,0,1,0,0.208333333,0.571144279,1,1
1,0,1,0,0,0,1,0,1,0,1,0,0,1,0,0,1,0,0,1,0,0,0,0,1,1,0,0,0,1,0,0,1,0,0.069444444,0.666169154,0,0
1,0,1,0,1,0,0,0,1,0,1,0,0,1,0,0,1,0,0,1,0,0,1,0,0,0,0,1,1,0,0,0,1,0,0.013888889,0.619402985,0,0
1,0,1,0,1,0,0,0,1,0,1,0,0,1,0,0,1,0,0,1,0,0,0,0,1,1,0,0,0,1,0,0,1,0,0.013888889,0.609452736,0,1
1,0,1,0,0,0,1,0,1,0,1,0,0,1,0,0,1,0,0,1,0,0,1,0,0,0,0,1,0,1,0,1,0,0,0.125,0.658208955,1,0
0,1,0,1,1,0,0,0,0,1,0,1,0,0,1,0,0,1,0,0,1,0,0,1,0,0,1,0,0,1,0,0,0,1,0.013888889,0.02238806,0,0
1,0,1,0,0,1,0,1,0,0,1,0,0,1,0,0,1,0,0,1,0,0,1,0,0,1,0,0,1,0,0,0,0,1,0.013888889,0.069154229,0,0
1,0,1,0,1,0,0,1,0,0,0,0,1,1,0,0,1,0,0,1,0,0,1,0,0,1,0,0,0,1,0,0,0,1,0.097222222,0.325870647,0,1
1,0,1,0,1,0,0,1,0,0,0,0,1,1,0,0,0,0,1,1,0,0,1,0,0,1,0,0,0,1,0,0,1,0,0.013888889,0.373631841,1,1
0,1,1,0,1,0,0,1,0,0,1,0,0,1,0,0,1,0,0,1,0,0,0,0,1,1,0,0,1,0,0,0,0,1,0.013888889,0.367661692,0,1
0,1,1,0,0,0,1,0,1,0,0,0,1,1,0,0,0,0,1,1,0,0,1,0,0,0,0,1,1,0,0,0,1,0,0.736111111,0.752736318,0,1
1,0,1,0,1,0,0,1,0,0,1,0,0,1,0,0,1,0,0,1,0,0,1,0,0,1,0,0,1,0,0,0,1,0,0.013888889,0.267164179,1,1
1,0,1,0,0,0,1,1,0,0,1,0,0,1,0,0,1,0,0,0,0,1,1,0,0,1,0,0,1,0,0,1,0,0,0.208333333,0.365671642,1,0
0,1,0,1,0,1,0,1,0,0,1,0,0,0,0,1,1,0,0,1,0,0,0,0,1,0,0,1,0,1,1,0,0,0,0.680555556,0.333830846,0,1
1,0,1,0,0,0,1,0,1,0,1,0,0,0,0,1,1,0,0,1,0,0,0,0,1,0,0,1,0,1,0,0,1,0,0.083333333,0.7960199,1,0
1,0,1,0,0,0,1,0,1,0,1,0,0,1,0,0,1,0,0,1,0,0,1,0,0,1,0,0,1,0,0,0,1,0,0.013888889,0.574626866,0,0
1,0,1,0,1,0,0,1,0,0,1,0,0,1,0,0,1,0,0,1,0,0,1,0,0,1,0,0,1,0,0,0,0,1,0.013888889,0.266666667,0,1
1,0,1,0,1,0,0,0,1,0,1,0,0,1,0,0,1,0,0,1,0,0,1,0,0,1,0,0,0,1,0,0,1,0,0.013888889,0.507462687,1,1
0,1,1,0,0,0,1,0,1,0,1,0,0,0,0,1,0,0,1,0,0,1,0,0,1,0,0,1,1,0,0,0,1,0,0.75,0.91641791,0,0
0,1,0,1,0,0,1,0,1,0,1,0,0,1,0,0,1,0,0,1,0,0,0,0,1,1,0,0,0,1,0,0,1,0,0.361111111,0.651741294,0,0
0,1,1,0,0,0,1,0,1,0,0,0,1,1,0,0,0,0,1,1,0,0,1,0,0,1,0,0,0,1,1,0,0,0,0.236111111,0.667661692,1,0
1,0,1,0,1,0,0,0,1,0,1,0,0,1,0,0,1,0,0,1,0,0,1,0,0,1,0,0,0,1,0,0,1,0,0.027777778,0.521890547,0,1
0,1,0,1,1,0,0,0,0,1,0,1,0,0,1,0,0,1,0,0,1,0,0,1,0,0,1,0,0,1,0,0,1,0,0.208333333,0.017412935,0,1
0,1,1,0,0,1,0,1,0,0,1,0,0,1,0,0,0,0,1,1,0,0,0,0,1,0,0,1,0,1,0,0,1,0,0.25,0.299502488,1,1
0,1,0,1,1,0,0,0,1,0,1,0,0,1,0,0,1,0,0,1,0,0,1,0,0,1,0,0,0,1,0,0,1,0,0.097222222,0.504975124,0,1
1,0,1,0,1,0,0,0,1,0,1,0,0,1,0,0,1,0,0,1,0,0,0,0,1,0,0,1,0,1,0,0,1,0,0.013888889,0.706965174,1,0
1,0,1,0,1,0,0,0,1,0,1,0,0,1,0,0,1,0,0,1,0,0,0,0,1,1,0,0,0,1,0,1,0,0,0.069444444,0.624378109,0,1
1,0,1,0,0,0,1,0,1,0,1,0,0,1,0,0,1,0,0,1,0,0,0,0,1,0,0,1,0,1,0,0,1,0,0.25,0.768159204,1,1
1,0,1,0,0,0,1,0,1,0,1,0,0,0,0,1,1,0,0,1,0,0,1,0,0,0,0,1,0,1,0,0,1,0,0.347222222,0.710945274,1,1
1,0,1,0,1,0,0,1,0,0,1,0,0,1,0,0,1,0,0,1,0,0,1,0,0,1,0,0,1,0,0,0,0,1,0.013888889,0.260199005,0,0
0,1,1,0,1,0,0,0,1,0,1,0,0,1,0,0,0,0,1,1,0,0,0,0,1,0,0,1,0,1,0,0,1,0,0.458333333,0.771641791,0,1
1,0,1,0,0,0,1,0,1,0,1,0,0,0,0,1,1,0,0,1,0,0,1,0,0,1,0,0,0,1,0,0,1,0,0.013888889,0.605970149,0,0
0,1,1,0,0,0,1,0,1,0,1,0,0,1,0,0,1,0,0,1,0,0,1,0,0,1,0,0,0,1,0,0,1,0,0.013888889,0.558706468,1,1
1,0,1,0,1,0,0,0,1,0,1,0,0,1,0,0,1,0,0,1,0,0,1,0,0,0,0,1,1,0,1,0,0,0,0.166666667,0.595522388,0,0
1,0,1,0,1,0,0,1,0,0,0,0,1,1,0,0,1,0,0,0,0,1,1,0,0,1,0,0,1,0,0,0,0,1,0.166666667,0.382089552,0,1
1,0,1,0,1,0,0,1,0,0,0,0,1,1,0,0,1,0,0,0,0,1,1,0,0,1,0,0,1,0,0,0,1,0,0.069444444,0.357711443,0,1
1,0,1,0,0,1,0,1,0,0,1,0,0,1,0,0,1,0,0,1,0,0,0,0,1,0,0,1,0,1,0,0,1,0,0.125,0.270149254,0,0
1,0,1,0,1,0,0,0,0,1,0,1,0,0,1,0,0,1,0,0,1,0,0,1,0,0,1,0,0,1,0,0,1,0,0.013888889,0.011940299,1,0
1,0,1,0,1,0,0,0,1,0,1,0,0,0,0,1,0,0,1,0,0,1,0,0,1,0,0,1,0,1,0,0,1,0,0.055555556,0.869651741,0,1
0,1,0,1,0,0,1,0,1,0,0,0,1,1,0,0,0,0,1,1,0,0,0,0,1,0,0,1,1,0,0,1,0,0,0.694444444,0.872636816,0,0
1,0,1,0,0,1,0,1,0,0,1,0,0,1,0,0,0,0,1,1,0,0,1,0,0,1,0,0,1,0,0,0,0,1,0.138888889,0.111940299,0,1
1,0,1,0,0,0,1,0,1,0,0,0,1,1,0,0,1,0,0,0,0,1,0,0,1,0,0,1,0,1,1,0,0,0,0.111111111,0.846766169,0,0
1,0,1,0,1,0,0,0,0,1,0,1,0,0,1,0,0,1,0,0,1,0,0,1,0,0,1,0,1,0,0,0,0,1,0.125,0.019900498,0,0
0,1,1,0,0,0,1,0,1,0,1,0,0,1,0,0,1,0,0,1,0,0,1,0,0,0,0,1,0,1,0,0,1,0,0.444444444,0.664179104,1,1
1,0,1,0,0,0,1,0,1,0,0,0,1,1,0,0,0,0,1,0,0,1,0,0,1,0,0,1,0,1,0,1,0,0,0.847222222,0.928855721,0,0
1,0,1,0,1,0,0,0,1,0,1,0,0,1,0,0,1,0,0,1,0,0,1,0,0,1,0,0,0,1,0,0,1,0,0.013888889,0.515422886,0,1
1,0,1,0,0,0,1,0,1,0,0,0,1,1,0,0,1,0,0,1,0,0,1,0,0,1,0,0,0,1,0,0,1,0,0.277777778,0.605970149,1,0
1,0,1,0,0,1,0,1,0,0,1,0,0,0,0,1,1,0,0,1,0,0,0,0,1,0,0,1,0,1,0,0,1,0,0.041666667,0.321890547,0,0
1,0,1,0,1,0,0,0,1,0,1,0,0,0,0,1,0,0,1,1,0,0,0,0,1,0,0,1,0,1,0,1,0,0,0.055555556,0.811442786,1,1
0,1,1,0,0,0,1,0,1,0,0,0,1,1,0,0,0,0,1,1,0,0,1,0,0,1,0,0,0,1,1,0,0,0,0.569444444,0.651741294,1,0
0,1,0,1,1,0,0,0,1,0,1,0,0,1,0,0,1,0,0,1,0,0,1,0,0,0,0,1,1,0,0,0,1,0,0.013888889,0.614427861,0,1
1,0,1,0,1,0,0,0,1,0,1,0,0,1,0,0,1,0,0,1,0,0,1,0,0,1,0,0,1,0,0,0,0,1,0.013888889,0.525870647,0,0
0,1,1,0,1,0,0,0,1,0,1,0,0,1,0,0,1,0,0,1,0,0,0,0,1,0,0,1,0,1,0,0,1,0,0.013888889,0.721393035,0,0
1,0,1,0,1,0,0,1,0,0,0,0,1,0,0,1,1,0,0,1,0,0,0,0,1,0,0,1,0,1,0,0,1,0,0.125,0.56119403,0,0
0,1,1,0,0,0,1,0,1,0,1,0,0,1,0,0,1,0,0,1,0,0,1,0,0,0,0,1,1,0,0,0,1,0,0.138888889,0.669651741,1,1
0,1,1,0,0,0,1,0,1,0,1,0,0,1,0,0,1,0,0,1,0,0,1,0,0,1,0,0,0,1,1,0,0,0,0.222222222,0.553233831,0,0
1,0,1,0,1,0,0,1,0,0,1,0,0,0,0,1,1,0,0,1,0,0,1,0,0,1,0,0,1,0,0,0,1,0,0.013888889,0.323880597,0,0
1,0,1,0,1,0,0,1,0,0,1,0,0,1,0,0,1,0,0,1,0,0,1,0,0,1,0,0,0,1,1,0,0,0,0.013888889,0.267164179,0,0
1,0,1,0,0,1,0,1,0,0,1,0,0,0,0,1,0,0,1,1,0,0,0,0,1,0,0,1,0,1,0,1,0,0,0.333333333,0.35721393,0,1
1,0,1,0,0,1,0,1,0,0,1,0,0,1,0,0,1,0,0,1,0,0,1,0,0,0,0,1,0,1,0,0,0,1,0.138888889,0.155721393,0,0
1,0,1,0,0,0,1,1,0,0,1,0,0,1,0,0,1,0,0,1,0,0,0,0,1,1,0,0,0,1,0,0,1,0,0.013888889,0.413930348,0,0
0,1,1,0,0,0,1,0,1,0,1,0,0,1,0,0,1,0,0,1,0,0,1,0,0,1,0,0,1,0,0,0,1,0,0.055555556,0.564179104,1,0
1,0,1,0,0,0,1,0,1,0,0,0,1,0,0,1,0,0,1,1,0,0,1,0,0,0,0,1,0,1,1,0,0,0,0.166666667,0.810447761,0,1
1,0,1,0,0,0,1,0,1,0,1,0,0,0,0,1,1,0,0,1,0,0,1,0,0,0,0,1,1,0,0,0,1,0,0.208333333,0.712437811,1,0
1,0,1,0,1,0,0,1,0,0,1,0,0,1,0,0,0,0,1,1,0,0,1,0,0,1,0,0,1,0,0,0,1,0,0.069444444,0.319402985,1,0
1,0,1,0,0,0,1,0,1,0,1,0,0,0,0,1,1,0,0,1,0,0,1,0,0,0,0,1,0,1,0,1,0,0,0.013888889,0.72238806,0,0
1,0,1,0,1,0,0,0,1,0,1,0,0,0,0,1,0,0,1,1,0,0,1,0,0,1,0,0,0,1,0,0,1,0,0.180555556,0.625870647,0,0
1,0,1,0,1,0,0,0,0,1,0,1,0,0,1,0,0,1,0,0,1,0,0,1,0,0,1,0,1,0,0,0,0,1,0.013888889,0.01840796,0,1
0,1,1,0,0,0,1,1,0,0,0,0,1,1,0,0,1,0,0,1,0,0,0,0,1,1,0,0,0,1,1,0,0,0,0.194444444,0.462189055,0,0
1,0,1,0,0,0,1,1,0,0,1,0,0,1,0,0,1,0,0,1,0,0,0,0,1,1,0,0,0,1,0,0,1,0,0.013888889,0.413930348,0,0
1,0,0,1,1,0,0,1,0,0,0,0,1,1,0,0,1,0,0,1,0,0,1,0,0,1,0,0,1,0,0,0,0,1,0.013888889,0.321890547,0,1
1,0,1,0,1,0,0,0,0,1,0,1,0,0,1,0,0,1,0,0,1,0,0,1,0,0,1,0,1,0,0,0,0,1,0.013888889,0.014925373,0,1
0,1,1,0,0,0,1,0,1,0,1,0,0,1,0,0,1,0,0,1,0,0,1,0,0,1,0,0,0,1,0,1,0,0,0.041666667,0.566169154,0,1
1,0,1,0,1,0,0,1,0,0,1,0,0,1,0,0,1,0,0,1,0,0,1,0,0,1,0,0,0,1,0,0,1,0,0.013888889,0.269154229,0,1
1,0,1,0,1,0,0,0,1,0,1,0,0,1,0,0,0,0,1,1,0,0,1,0,0,1,0,0,1,0,0,0,1,0,0.013888889,0.578109453,0,0
1,0,1,0,0,0,1,0,1,0,1,0,0,1,0,0,0,0,1,0,0,1,0,0,1,0,0,1,0,1,0,0,0,1,0.319444444,0.853731343,0,1
1,0,0,1,1,0,0,1,0,0,1,0,0,1,0,0,1,0,0,1,0,0,1,0,0,1,0,0,0,1,0,0,1,0,0.013888889,0.260199005,0,1
1,0,1,0,0,0,1,0,1,0,1,0,0,1,0,0,1,0,0,1,0,0,0,0,1,1,0,0,0,1,0,0,1,0,0.027777778,0.669651741,1,0
1,0,1,0,0,1,0,1,0,0,1,0,0,1,0,0,1,0,0,1,0,0,1,0,0,1,0,0,1,0,0,0,1,0,0.013888889,0.06318408,0,0
1,0,1,0,0,1,0,1,0,0,1,0,0,0,0,1,1,0,0,0,0,1,1,0,0,0,0,1,0,1,0,0,0,1,0.013888889,0.262686567,0,1
1,0,1,0,1,0,0,0,1,0,1,0,0,1,0,0,0,0,1,1,0,0,0,0,1,1,0,0,0,1,0,0,1,0,0.013888889,0.662686567,0,1
1,0,1,0,0,0,1,0,1,0,1,0,0,1,0,0,1,0,0,1,0,0,0,0,1,0,0,1,0,1,0,0,1,0,0.694444444,0.770646766,1,1
0,1,1,0,0,0,1,0,1,0,1,0,0,0,0,1,0,0,1,0,0,1,0,0,1,0,0,1,1,0,0,0,1,0,0.75,0.91641791,0,1
0,1,0,1,0,0,1,1,0,0,0,0,1,1,0,0,0,0,1,0,0,1,0,0,1,1,0,0,1,0,0,0,1,0,0.486111111,0.537313433,0,1
1,0,1,0,1,0,0,0,1,0,1,0,0,1,0,0,1,0,0,1,0,0,0,0,1,1,0,0,0,1,1,0,0,0,0.125,0.591044776,0,0
0,1,1,0,0,0,1,0,1,0,1,0,0,1,0,0,1,0,0,1,0,0,0,0,1,1,0,0,0,1,0,0,1,0,0.138888889,0.670149254,0,1
1,0,1,0,1,0,0,1,0,0,1,0,0,0,0,1,1,0,0,0,0,1,1,0,0,0,0,1,0,1,0,0,0,1,0.5,0.469154229,0,0
1,0,1,0,0,0,1,0,1,0,0,0,1,0,0,1,1,0,0,1,0,0,1,0,0,0,0,1,0,1,0,0,1,0,0.638888889,0.750746269,0,0
1,0,1,0,0,0,1,0,1,0,1,0,0,1,0,0,1,0,0,1,0,0,1,0,0,0,0,1,0,1,0,0,1,0,0.180555556,0.634328358,1,0
1,0,1,0,0,0,1,0,1,0,1,0,0,1,0,0,0,0,1,1,0,0,1,0,0,1,0,0,0,1,0,0,1,0,0.111111111,0.626865672,1,1
1,0,1,0,1,0,0,0,1,0,1,0,0,1,0,0,1,0,0,1,0,0,1,0,0,1,0,0,0,1,0,0,1,0,0.069444444,0.511940299,0,0
1,0,1,0,0,0,1,1,0,0,1,0,0,1,0,0,0,0,1,1,0,0,1,0,0,1,0,0,1,0,0,0,1,0,0.013888889,0.35920398,0,0
0,1,1,0,0,0,1,0,0,1,0,1,0,0,1,0,0,1,0,0,1,0,0,1,0,0,1,0,0,1,0,1,0,0,0.777777778,0.068656716,0,0
1,0,1,0,0,1,0,1,0,0,1,0,0,1,0,0,1,0,0,1,0,0,1,0,0,0,0,1,0,1,0,0,1,0,0.027777778,0.163681592,0,1
1,0,1,0,0,0,1,0,1,0,1,0,0,1,0,0,1,0,0,1,0,0,1,0,0,1,0,0,0,1,0,0,1,0,0.041666667,0.558706468,0,0
1,0,1,0,1,0,0,0,1,0,1,0,0,0,0,1,0,0,1,1,0,0,0,0,1,1,0,0,1,0,0,0,1,0,0.361111111,0.711940299,0,0
1,0,1,0,0,0,1,0,1,0,0,0,1,1,0,0,0,0,1,0,0,1,0,0,1,0,0,1,0,1,0,0,1,0,0.986111111,0.893532338,0,0
0,1,1,0,0,0,1,0,1,0,1,0,0,0,0,1,0,0,1,0,0,1,0,0,1,0,0,1,0,1,0,0,1,0,0.972222222,0.907960199,0,1
0,1,1,0,1,0,0,0,1,0,1,0,0,0,0,1,1,0,0,1,0,0,1,0,0,1,0,0,0,1,0,1,0,0,0.222222222,0.557711443,1,1
